Hashtags , Frequency
#guava , 1
#summer , 2
#weekend , 1
#icecream , 2
#coldstone , 1
#coldstonecreamery , 1
#gulabjamun , 1
#dessert , 1
#bewafaikargaya , 3
#bpraak , 4
#lekh , 4
#whitehillmusic , 4
#bhutta , 1
#challi , 1
#uddgaya , 1
#kachori , 1
#breakfast , 2
#loveit , 1
#cholebhature , 1
#bhature , 1
#chole , 1
#desifood , 1
#foodiesofinstagram , 1
#foodporn , 2
#reelkarofeelkaro , 1
#yummyinmytummy , 1
#delhistreetfood , 1
#reelindia , 1
#veganfood , 1
#indianfoodbloggers , 1
#indianfoods , 1
#reelsvideo , 1
#indianblogger , 1
#reelitfeelit , 2
#localfood , 1
#part2 , 1
#part1 , 1
#DrSidSays , 2
#fish , 1
#CutThecrap , 2
#curd , 1
#healthyfoodtips , 6
#healthyfood , 4
#foodmyths , 1
#fishcurry , 1
#healthyliving , 1
#Fooddarzee , 8
#chickenlover , 1
#chickensalad , 1
#chickenfry , 1
#chickenrecipes , 2
#recipereel , 1
#trending , 5
#recipevideo , 1
#easyrecipes , 1
#food , 12
#foodie , 11
#foodlover , 3
#foodstagram , 1
#foodpics , 1
#foodblogger , 11
#foodphotography , 1
#foodreels , 3
#foodbeast , 1
#foodgasm , 11
#foods , 1
#reels , 3
#reel , 2
#reelsinstagram , 1
#relatablereels , 1
#officereels , 1
#officememes , 1
#reelinstagram , 1
#spinachdaal , 1
#spinach , 2
#superfood , 1
#palakdal , 1
#indiancooking , 1
#indianfood , 1
#foodies , 11
#getinmybelly , 1
#healthylifestyle , 1
#vegetarian , 1
#vegetarianrecipes , 1
#daal , 1
#foodcontest , 1
#foodrecipes , 1
#foodtip , 2
#ketomeals , 2
#butterchicken , 2
#pavbhaji , 1
#biryani , 2
#pizzzalover , 1
#yogabar , 1
#fooddarsee , 1
#giveaway , 1
#giveawayalert , 1
#giveawayindia , 1
#giveawaycontest , 1
#contestalert , 1
#contestalertindia , 1
#win , 1
#contest , 1
#goodies , 1
#comment , 1
#commentbelow , 1
#explorepage , 1
#fooddarzee , 1
#instagood , 12
#WeightLossTips , 1
#instagram , 11
#viral , 1
#memes , 1
#instafashion , 1
#viralreels , 1
#memesdaily , 2
#daily , 2
#weightloss , 1
#instalove , 1
#trend , 1
#lowcarb , 1
#fitnessreels , 1
#video , 1
#fitnessfacts , 1
#spaghetti , 1
#pasta , 1
#pastalover , 1
#recipe , 1
#TrendingReels , 1
#topicalspot , 1
#socialmediamarketing , 1
#socialmediamanager , 1
#instalike , 1
#instamood , 1
#socialmediastrategy , 1
#alldayeveryday , 1
#meme , 1
#memepage , 1
#memelife , 1
#starving , 1
#hungry , 1
#hungryhungry , 1
#starvingtime , 1
#stayhealthy , 1
#stayfit , 1
#foodnews , 4
#chipolte , 1
#guacamole , 2
#guac , 2
#web3 , 1
#crypto , 1
#cryptocurrency , 1
#foodcollabs , 3
#breakfastcereal , 1
#kaws , 1
#spicy , 2
#shakeshack , 1
#flybyjing , 1
#avocado , 1
#handmade , 1
#westchestercounty , 1
#newyork , 1
#heinz , 1
#ketchup , 1
#frenchfries , 1
#sweet , 1
#maplesyrup , 1
#popcorn , 1
#movies , 1
#littlemiss , 1
#cuisines , 1
#gec , 1
#streetfood , 1
#foodtalkindia , 10
#foodtalk , 10
#fti , 10
#foodgram , 10
#foodiesofindia , 10
#foodfeed , 10
#delicious , 10
#yummy , 10
#instafood , 10
#FTIFinds , 3
#nutbutter , 1
#peanutbutter , 1
#almondbutter , 1
#spreads , 1
#handcrafted , 2
#fresh , 1
#NewInTown , 1
#newintown , 1
#gulatirestaurant , 1
#iconic , 1
#famous , 1
#mughlai , 1
#hyderabadi , 1
#northindian , 1
#friedchicken , 1
#chickenpopcorn , 1
#koreanchicken , 1
#buffalowings , 1
#restaurants , 2
#bakery , 1
#pastries , 1
#danish , 1
#puffs , 1
#artisanal , 1
#brioche , 1
#homegrown , 1
#tea , 1
#monsoon , 2
#ayurvedic , 1
#savorworksroasters , 1
#coffee , 1
#chocolate , 1
#organic , 1
#vegan , 1
#discover , 1
#cafe , 1
#bombaycuisine , 1
#instareels , 1
#hotdog , 1
#horoscope , 1
#zodiacsigns , 1
#goa , 1
#instagramworthy , 1
#cafes , 1
#eateries , 1
